CASE,SERIAL,REF,QUESTNNR,MODE,STARTED,Consent,BasicKnowEEG,BasicKnowNeuro,Cap_Acceptance,Feel_EmoReg,Interest_ER_NF,Gender_Researcher_Touching ,Gender_Researcher_Room,Cap_Comfortable ,DE02_Gender_Identify_Most,DE02_03_Gender_Identify_other ,DE03_Main_Pro,DE03_13_Main_Pro,DE04_Highest_Ed,DE04_08_Highest_Ed,Age ,Ethnicity ,Ethnicity_Other,ET01_06_Other_Cat ,NZEuropean ,Maori ,Pasifica ,Chinese ,Indian ,Other ,ET06_01_NZEuropean ,ET06_02_Maori ,ET06_03_Pasifica ,ET06_04_Chinese ,ET06_05_Indian ,ET06_06_African ,ET06_07_NA,ET06_08_SA,ET06_09_European ,ET06_10_CA,ET06_11_EA,ET06_12_SA,ET06_13_SeA,ET06_14_WA,Choose_HardwareSoftware ,Years_Computer ,KNWL_Web_Ss,KNWL_Ability_DT,KNWL_ Ability_Computer,KNWL_ Ability_Internet ,Voucher_Code_Ballot,Voucher_Code_Codedrawn,Voucher_CVerve_Ballot ,Voucher_Cverve_Codedrawn ,TimeP_01,TimeP_02,TimeP_03,TimeP_04,TimeP_05,TimeP_06,TimeP_07,TimeP_09,TimeP_10,TimeP_11,TimeP_12,TimeP_13,TimeP_14,TimeP_15,TimeP_16,TimeP_17,TimeP_18,TimeP_19,TimeP_20,TimeP_21,TimeP_22,TimeP_23,TimeP_24,TimeP_25,TimeP_26,TimeP_27,TimeP_28,TimeP_29,TimeP_30,TimeP_31,TimeP_32,Time_Sum_Excl_Outlier ,Mail_Sent_PII_RCPT,Data_Recent ,Finish_LastP,RESP_QA_MD_QA,LastP_QA,LastP_Participant,Missing_%,Missing_REL,DEG01_Fast,DEG02_Fast
323,,,base,interview,3/12/19 5:39,1,7,3,3,6,7,2,2,4,1,,3,,6,,30,5,,5,1,1,1,1,75,,1,1,1,1,75,1,1,1,1,1,1,1,1,1,1,15,5,5,5,5,0,192,,,6,24,4,8,,,,56,20,18,7,,6,3,3,16,5,5,8,16,14,11,24,18,5,5,9,19,43,7,9,369,,3/12/19 5:45,1,0,32,32,0,0,1.47,47
324,,,base,interview,3/12/19 5:56,1,5,1,9,8,6,2,2,4,1,,13,Computer engineer ,6,,24,5,,5,1,1,1,1,101,,1,1,1,1,101,1,1,1,1,1,1,1,1,1,2,15,5,5,5,5,0,27,,,2,5,58,25,,,,155,32,224,173,172,156,81,8,19,17,14,195,230,36,20,72,148,7,6,12,153,140,77,53,1055,,3/12/19 6:35,1,0,32,32,0,0,0.55,12
332,,,base,interview,3/12/19 12:06,1,5,1,9,9,9,1,-1,4,1,,12,,5,,57,1,,1,39,1,1,1,1,,39,1,1,1,1,1,1,1,1,1,1,1,1,1,2,24,5,3,3,5,0,73,,,6,97,11,12,,,,66,25,407,68,81,49,24,5,11,8,18,619,20,94,22,92,179,16,17,17,26,102,16,48913,812,,3/12/19 12:41,0,0,31,32,3,1,0.57,3
340,,,base,interview,4/12/19 1:37,1,5,3,8,8,8,1,1,1,2,,2,,5,,30,1,,1,79,5,6,3,6,,79,5,6,3,6,1,1,1,1,1,1,1,1,1,1,10,5,5,5,5,0,62,,,12,39,4,13,,,,14,5,5,4,,9,3,4,3,3,4,5,5,7,3,5,4,6,5,6,4,16,3,,191,,4/12/19 1:40,0,0,31,31,19,17,2.13,122
350,,,base,interview,6/12/19 2:47,1,6,3,4,3,5,-1,-1,4,1,,12,,6,,24,6,Māori/NZ European,6,1,1,1,1,1,101,101,101,1,1,1,1,1,1,1,1,1,1,1,1,1,11,4,3,4,4,0,15,,,3,49,4,26,,,53,,21,22,7,,31,11,3,7,4,7,93,96,15,4,114,217,5,4,5,5,41,7,,669,,6/12/19 3:01,0,0,31,31,3,1,1.16,16
352,,,base,interview,8/12/19 23:14,1,6,2,8,4,6,1,1,4,1,,12,,8,Honours degree,25,6,"Pākehā, New Zealand Māori",6,1,1,1,1,1,79,79,79,1,1,1,1,1,1,1,1,1,1,1,1,1,20,5,4,5,5,0,65,,,4,21,3,22,,,36,,12,9,6,,33,12,3,8,5,6,76,15,9,4,31,8,3,3,14,3,15,16,,377,,8/12/19 23:21,0,0,31,31,3,1,1.61,37
354,,,base,interview,8/12/19 23:15,1,6,2,8,8,9,-1,2,4,1,,12,,5,,27,6,This question could be asked in a more culturally appropriate way. I am Pākehā and Māori.,6,1,1,1,1,1,101,101,101,1,1,1,1,1,1,1,1,1,1,1,1,1,23,4,4,5,5,0,60,,,9,190,5,85,,,46,,7,12,7,,84,18,5,9,4,6,40,263,19,8,80,59,8,11,13,5,40,18,145,614,,8/12/19 23:35,1,0,32,32,3,1,0.91,9
355,,,base,interview,9/12/19 5:26,1,5,2,9,7,6,2,2,4,2,,3,,5,,27,2,,2,10,101,7,1,1,,10,101,7,1,1,1,1,1,1,1,1,1,1,1,1,20,4,4,4,4,0,120,,,3,11,2,3,,,,47,10,112,9,,71,30,5,10,8,8,45,41,12,8,67,51,11,8,10,12,31,7,20,652,,9/12/19 5:37,1,0,32,32,3,1,1.14,15
363,,,base,interview,10/12/19 1:25,1,5,2,6,6,7,2,2,4,2,,12,,5,,30,2,,2,23,81,1,1,1,,23,81,1,1,1,1,1,1,1,1,1,1,1,1,1,20,5,5,5,5,0,68,,,10,32,5,7,,,,43,8,55,27,,69,11,6,24,15,14,545,258,16,10,452,107,5,5,15,5,49,10,18,683,,10/12/19 1:55,1,0,32,32,3,1,0.79,5
391,,,base,interview,13/01/20 2:36,1,8,3,9,9,9,1,1,4,2,,9,,3,,29,3,,3,23,68,1,1,1,,23,68,1,1,1,1,1,1,1,1,1,1,1,1,1,30,4,5,5,5,0,184,,,12,380,10,11,,,,162,25,17,28,,146,113,6,18,7,13,604,101,19,30,139,126,9,6,15,15,44,40,41,844,,13/01/20 3:11,1,0,32,32,3,3,0.54,1
453,,,base,interview,19/01/20 4:50,1,6,3,6,7,9,2,2,4,1,,12,,3,,20,1,,1,85,60,1,1,1,,85,60,1,1,1,1,1,1,1,1,1,1,1,1,1,17,4,4,4,4,0,173,,,16,20,6,9,,,,50,16,9,14,,74,22,9,17,4,10,54,74,26,12,74,247,8,5,19,16,52,94,,657,,19/01/20 5:06,0,0,31,31,0,0,0.79,6
469,,,base,interview,21/01/20 22:42,1,8,4,8,7,7,2,-1,4,1,,10,,5,,27,3,,3,41,1,101,2,1,,41,1,101,2,1,1,1,1,1,1,1,1,1,1,1,12,4,4,5,5,0,108,,,7,17,17,5,,,,51,22,17,9,,320,20,9,122,12,11,148,49,32,16,189,23,42,14,19,17,46,60,26,680,,21/01/20 23:04,1,0,32,32,0,0,0.7,5
523,,,base,interview,27/01/20 2:22,1,5,3,7,8,9,2,2,4,1,,12,,3,,26,1,,1,101,1,2,1,1,,101,1,2,1,1,1,1,1,1,1,1,1,1,1,1,13,5,5,4,5,0,168,,,8,37,6,3,,,,65,11,73,7,,17,8,5,10,5,6,31,16,10,7,32,54,4,5,8,7,26,7,21,489,,27/01/20 2:30,1,0,32,32,3,1,1.33,20
528,,,base,interview,27/01/20 2:44,1,6,2,9,9,9,2,2,4,1,,3,,5,,54,1,,1,101,1,1,1,1,,101,1,1,1,1,1,1,1,1,1,1,1,1,1,1,35,5,5,5,5,0,48,,,8,62,7,8,,,,26,17,16,16,,108,26,6,16,6,10,66,77,14,6,64,55,6,6,11,36,46,171,41,742,,27/01/20 3:00,1,0,32,32,0,0,0.79,4
529,,,base,interview,27/01/20 2:45,1,5,1,7,5,7,2,2,4,1,,12,,3,,23,6,Indonesian,6,1,1,1,5,1,101,1,1,1,5,1,1,1,1,1,1,1,101,1,1,1,14,4,4,4,4,0,105,,,38,153,4,14,,,46,,12,131,13,86,111,28,9,11,5,12,198,164,10,6,629,634,8,6,7,9,69,62,37,1000,,27/01/20 3:27,1,0,32,32,0,0,0.67,2
535,,,base,interview,27/01/20 3:04,1,5,4,9,7,9,2,2,4,1,,5,,5,,25,1,,1,101,1,2,1,1,,101,1,2,1,1,1,1,1,1,1,1,1,1,1,1,15,4,4,4,4,0,182,,,6,29,8,71,,,,16,7,161,12,,93,17,5,6,3,8,110,48,10,8,54,60,5,4,6,13,25,6,24,622,,27/01/20 3:18,1,0,32,32,3,1,1.07,12
537,,,base,interview,27/01/20 3:07,1,8,4,5,5,9,1,1,4,1,,12,,3,,19,1,,1,101,1,1,1,1,,101,1,1,1,1,1,1,1,1,1,1,1,1,1,1,10,5,5,5,5,0,110,,,6,18,3,2,,,,43,10,13,7,,12,3,2,7,4,5,16,13,9,5,10,10,4,3,8,5,20,3,10,251,,27/01/20 3:11,1,0,32,32,10,8,2,64
541,,,base,interview,27/01/20 3:23,1,5,4,9,9,9,2,2,4,1,,12,,5,,29,1,,1,101,24,1,1,1,,101,24,1,1,1,1,1,1,1,1,1,1,1,1,1,11,5,3,3,5,0,34,,,3,42,5,7,,,,43,12,42,8,,77,29,5,8,6,11,10,25,11,8,43,20,6,5,10,9,34,8,55,542,,27/01/20 3:33,1,0,32,32,3,1,1.14,16
545,,,base,interview,27/01/20 3:28,1,7,2,7,6,7,2,2,4,1,,3,,6,,29,6,Irish,6,94,11,1,1,1,101,94,11,1,1,1,1,1,1,101,1,1,1,1,1,2,24,5,5,5,5,0,194,,,7,10,5,15,,,30,,12,14,11,,93,38,7,15,5,10,94,71,17,10,46,38,4,9,9,19,28,7,55,679,,27/01/20 3:39,1,0,32,32,3,1,0.96,8
549,,,base,interview,27/01/20 3:47,1,5,3,5,7,9,1,1,4,1,,12,,5,,20,1,,1,37,1,1,1,2,,37,1,1,1,2,1,1,1,1,1,1,1,1,1,1,10,4,4,4,4,0,112,,,1,14,3,3,,,,36,9,293,7,,59,21,4,10,4,4,33,45,10,5,50,44,4,5,10,9,20,43,17,466,,27/01/20 4:00,1,0,32,32,0,0,1.31,30
557,,,base,interview,27/01/20 5:21,1,5,2,7,8,7,2,2,4,1,,12,,3,,19,1,,1,101,1,1,1,1,,101,1,1,1,1,1,1,1,1,1,1,1,1,1,1,12,5,5,5,5,0,185,,,7,17,3,2,,,,19,6,26,7,,18,4,2,8,3,5,37,20,8,6,9,26,5,3,7,5,31,6,17,307,,27/01/20 5:26,1,0,32,32,3,1,1.75,47
561,,,base,interview,27/01/20 6:39,1,8,4,4,9,9,2,2,4,1,,12,,4,,28,6,Balinese ( Indonesian),6,1,1,1,1,1,101,1,1,1,1,1,1,1,1,1,1,1,1,101,1,1,20,5,3,4,5,0,113,,,3,13,2,13,,,18,,5,31,5,,43,1599,28,6,3,3,37,27,13,11,21,25,5,6,9,9,60,15,59,464,,27/01/20 7:13,1,0,32,32,0,0,1.37,26
566,,,base,interview,27/01/20 8:57,1,6,4,9,7,7,2,2,4,1,,2,,5,,34,1,,1,101,1,1,1,1,,101,1,1,1,1,1,1,1,1,1,1,1,1,1,1,20,5,4,4,4,0,63,,,7,9,7,12,,,,17,7,42,8,,18,5,7,6,4,6,5,30,22,17,9,63,4,20,24,9,78,5,20,431,,27/01/20 9:04,1,0,32,32,10,8,1.39,45
567,,,base,interview,27/01/20 9:05,1,8,4,6,6,8,2,2,4,1,,3,,5,,22,1,,1,39,1,1,1,1,,39,1,1,1,1,1,1,1,1,1,1,1,1,1,1,18,5,5,5,5,0,19,,,6,13,5,3,,,,23,6,6,5,,20,16,3,7,4,6,24,96,7,4,42,31,5,4,5,10,25,7,,383,,27/01/20 9:12,0,0,31,31,3,1,1.58,34
572,,,base,interview,27/01/20 11:12,1,6,3,9,7,8,2,-1,4,1,,12,,3,,23,1,,1,101,1,1,1,1,,101,1,1,1,1,1,1,1,1,1,1,1,1,1,1,15,5,5,5,5,0,39,,,4,15,3,3,,,,19,18,26,5,,39,9,3,5,2,4,42,118,13,3,24,29,4,7,8,6,22,3,16,450,,27/01/20 11:19,1,0,32,32,3,1,1.66,35
611,,,base,interview,28/01/20 0:48,1,5,3,9,9,9,2,2,4,1,,12,,5,,22,1,,1,101,1,1,1,1,,101,1,1,1,1,1,1,1,1,1,1,1,1,1,1,15,4,4,5,5,0,80,,,6,14,4,4,,,,21,28,175,12,,64,23,4,7,6,7,82,69,13,5,79,139,4,5,6,11,35,10,141,606,,28/01/20 1:04,1,0,32,32,3,1,1.01,10
612,,,base,interview,28/01/20 0:50,1,5,2,7,7,8,2,2,4,1,,12,,5,,21,1,,1,77,40,1,1,1,,77,40,1,1,1,1,1,1,1,1,1,1,1,1,1,16,5,4,4,5,0,32,,,11,8,4,11,,,,24,5,77,11,,16,4,3,6,5,9,26,16,10,5,29,16,3,3,6,4,26,11,29,378,,28/01/20 0:56,1,0,32,32,0,0,1.61,36
614,,,base,interview,28/01/20 0:52,1,6,3,7,7,7,2,2,4,2,,12,,5,,20,1,,1,101,1,1,1,1,,101,1,1,1,1,1,1,1,1,1,1,1,1,1,1,13,5,5,5,5,0,30,,,6,14,23,2,,,,17,19,14,5,,31,8,3,6,3,4,21,18,5,4,23,20,5,5,4,14,25,8,20,309,,28/01/20 0:58,1,0,32,32,0,0,1.71,41
615,,,base,interview,28/01/20 0:53,1,6,2,7,7,9,2,2,4,1,,12,,5,,20,5,,5,1,1,2,7,101,,1,1,2,7,101,1,1,1,1,1,1,1,1,1,1,10,5,5,5,5,0,72,,,5,15,4,5,,,,28,18,40,12,,81,25,4,16,5,9,74,65,11,8,248,36,4,4,7,5,41,8,58,633,,28/01/20 1:07,1,0,32,32,3,1,1.03,9
616,,,base,interview,28/01/20 0:57,1,8,4,8,7,7,2,2,4,1,,12,,5,,21,1,,1,101,1,1,1,1,,101,1,1,1,1,1,1,1,1,1,1,1,1,1,2,15,4,4,4,4,0,144,,,4,21,4,3,,,,28,7,10,5,,32,16,3,6,6,10,33,22,8,5,46,39,4,5,3,6,20,19,16,381,,28/01/20 1:04,1,0,32,32,0,0,1.56,29
618,,,base,interview,28/01/20 0:59,1,8,4,7,8,7,2,1,4,1,,13,Head of Market Research,6,,29,6,Asian - Filipino,6,1,1,1,37,1,97,1,1,1,37,1,1,1,1,1,1,1,1,97,1,1,17,5,4,5,5,0,99,,,9,10,3,13,,,34,,11,7,7,,66,21,4,8,5,9,16,48,28,7,73,31,6,3,5,25,26,5,28,508,,28/01/20 1:07,1,0,32,32,3,1,1.27,21
622,,,base,interview,28/01/20 1:26,1,5,2,9,9,8,2,2,4,1,,12,,5,,21,1,,1,101,1,1,1,1,,101,1,1,1,1,1,1,1,1,1,1,1,1,1,1,13,5,4,5,5,0,149,,,9,62,4,4,,,,22,9,154,10,,45,23,6,9,10,8,110,59,12,5,69,72,5,4,6,6,24,21,38,682,,28/01/20 1:40,1,0,32,32,0,0,1.01,10
623,,,base,interview,28/01/20 1:27,1,6,3,8,7,9,2,2,4,1,,12,,4,,21,1,,1,84,3,8,1,1,,84,3,8,1,1,1,1,1,1,1,1,1,1,1,1,13,4,4,4,4,0,116,,,1824,38,5,3,,,,25,12,33,7,,117,21,5,7,6,9,15,57,10,10,16,45,6,4,11,9,34,62,69,592,,28/01/20 2:08,1,0,32,32,0,0,1.1,15
629,,,base,interview,28/01/20 2:24,1,7,2,3,2,8,2,2,4,1,,3,,5,,25,1,,1,101,1,1,1,1,,101,1,1,1,1,1,1,1,1,1,1,1,1,1,1,18,5,5,5,5,0,82,,,5,71,6,2,,,,27,6,13,11,,17,5,3,12,79,7,120,15,9,3,17,9,4,4,5,11,16,3,23,430,,28/01/20 2:32,1,0,32,32,3,1,1.71,46
630,,,base,interview,28/01/20 2:24,1,5,3,5,4,5,2,2,2,2,,12,,8,"MD, MPH",33,6,Black African,6,1,1,1,1,1,101,1,1,1,1,1,101,1,1,1,1,1,1,1,1,1,15,3,3,3,3,0,84,,,193,92,4,48,,,133,,29,48,29,,140,64,13,25,15,13,542,181,25,33,72,127,11,9,31,38,200,132,40,810,,28/01/20 3:02,1,0,32,32,0,0,0.38,0
634,,,base,interview,28/01/20 3:20,1,8,4,6,7,5,2,1,4,1,,12,,3,,19,1,,1,100,16,1,1,1,,100,16,1,1,1,1,1,1,1,1,1,1,1,1,2,8,4,2,3,3,0,47,,,24,42,14,10,,,,42,35,108,28,,153,45,12,21,9,14,54,30,201,13,34,42,5,6,12,6,49,14,51,828,,28/01/20 3:38,1,0,32,32,3,1,0.67,3
641,,,base,interview,28/01/20 7:47,1,5,1,8,7,7,2,2,4,1,,3,,6,,47,1,,1,101,1,1,1,1,,101,1,1,1,1,1,1,1,1,1,1,1,1,1,1,37,5,5,5,5,0,54,,,23,13,5,7,,,,44,12,79,16,79,54,9,4,12,6,6,66,49,12,7,38,33,9,6,8,21,20,92,37,684,,28/01/20 7:59,1,0,32,32,0,0,0.97,7
644,,,base,interview,28/01/20 8:15,1,8,4,7,4,4,2,2,4,1,,12,,3,,19,1,,1,99,34,3,4,2,,99,34,3,4,2,1,1,1,1,1,1,1,1,1,2,8,1,1,1,1,0,195,,,2,3,3,3,,,,8,10,3,3,,3,2,2,4,2,1,3,3,5,2,3,3,4,4,5,6,10,5,31,133,,28/01/20 8:18,0,0,32,32,0,0,2.46,200
645,,,base,interview,28/01/20 9:04,1,6,4,8,7,9,2,2,4,1,,12,,5,,21,1,,1,101,1,1,1,1,,101,1,1,1,1,1,1,1,1,1,1,1,1,1,1,15?,4,4,4,4,0,10,,,8,50,5,17,,,,37,58,25,7,,136,21,5,11,5,11,72,293,15,7,100,12,4,4,5,7,53,6,15,699,,28/01/20 9:20,1,0,32,32,3,1,1,10
646,,,base,interview,28/01/20 10:09,1,7,4,6,6,8,1,1,4,1,,3,,6,,49,6,US of European descent,6,19,1,1,1,1,1,19,1,1,1,1,1,1,1,1,1,1,1,1,1,1,32,5,4,4,5,0,121,,,5,38,5,15,,,44,,11,18,8,,58,14,4,10,11,7,43,55,14,12,44,36,5,6,8,8,53,5,30,567,,28/01/20 10:19,1,0,32,32,3,1,1.02,6
652,,,base,interview,28/01/20 22:08,1,5,2,9,9,9,2,2,4,2,,12,,5,,21,1,,1,100,1,1,1,1,,100,1,1,1,1,1,1,1,1,1,1,1,1,1,1,8,5,3,3,4,0,96,,,354,40,7,6,,,,55,13,44,26,,202,24,14,9,8,8,96,121,21,16,59,58,9,12,18,29,71,23,116,812,,28/01/20 22:33,1,0,32,32,3,1,0.59,1
654,,,base,interview,28/01/20 22:33,1,8,2,9,9,9,2,2,4,1,,12,,8,diploma,26,1,,1,101,1,1,1,1,,101,1,1,1,1,1,1,1,1,1,1,1,1,1,2,20,3,3,2,5,0,178,,,9,20,3,28,,,,28,30,72,15,,104,11,6,7,9,7,19,36,55,7,38,23,7,10,34,12,62,12,60,653,,28/01/20 22:45,1,0,32,32,0,0,0.92,10
655,,,base,interview,28/01/20 23:02,1,5,2,9,9,9,2,2,4,1,,13,Lifeguard,8,Certificate at polytech,26,1,,1,101,1,1,1,1,,101,1,1,1,1,1,1,1,1,1,1,1,1,1,2,21,4,2,3,4,0,119,,,14,10,4,54,,,,43,11,39,13,,14,3,4,7,6,5,111,49,16,8,57,41,7,7,26,14,41,9,,551,,28/01/20 23:12,0,0,31,31,3,1,1.09,19
660,,,base,interview,29/01/20 5:48,1,7,4,7,4,8,-1,1,4,1,,12,,5,,20,1,,1,101,1,1,1,1,,101,1,1,1,1,1,1,1,1,1,1,1,1,1,2,15,5,4,5,5,0,90,,,535,15,10,4,,,,25,10,15,7,,63,22,4,10,7,8,164,65,19,5,58,131,5,3,8,8,35,8,31,650,,29/01/20 6:10,1,0,32,32,3,1,1.04,10
690,,,base,interview,2/02/20 23:27,1,8,3,5,3,4,2,1,4,2,,12,,5,,23,1,,1,101,1,1,1,1,,101,1,1,1,1,1,1,1,1,1,1,1,1,1,2,15,4,3,3,4,0,87,,,10,107,6,4,,,,32,13,9,12,,7,6,4,11,13,17,46,63,29,14,125,89,5,6,9,10,41,15,26,729,,2/02/20 23:39,1,0,32,32,0,0,1.06,21
693,,,base,interview,3/02/20 9:54,1,6,1,9,7,7,2,2,4,1,,12,,3,,18,1,,1,101,1,1,1,1,,101,1,1,1,1,1,1,1,1,1,1,1,1,1,1,6,5,4,4,5,0,50,,,6,72,12,4,,,,23,10,106,29,117,123,18,20,13,12,11,45,62,12,6,36,81,7,4,13,12,38,7,17,880,,3/02/20 10:10,1,0,32,32,3,1,0.91,8
702,,,base,interview,4/02/20 7:32,1,8,4,5,9,9,2,2,4,1,,12,,5,,26,6,European,6,32,1,67,1,1,67,32,1,67,1,1,1,1,1,67,1,1,1,1,1,1,20+ ,5,5,5,5,0,40,,,5,85,4,18,,,37,,19,46,7,,55,23,3,8,4,3,75,58,7,6,56,26,4,4,9,6,41,6,11,626,,4/02/20 7:42,1,0,32,32,3,1,1.21,16
712,,,base,interview,5/02/20 4:29,1,5,4,9,6,6,2,2,4,1,,12,,5,,30,6,Canadian,6,1,1,1,1,1,101,1,1,1,1,1,1,101,1,1,1,1,1,1,1,1,20,5,5,5,5,0,107,,,5,7,5,13,,,18,,10,35,7,,5,11,3,6,6,7,25,71,9,6,15,57,4,4,17,14,19,4,26,409,,5/02/20 4:36,1,0,32,32,3,1,1.48,40
738,,,base,interview,10/02/20 4:56,1,7,2,7,5,8,2,2,4,1,,12,,5,,26,6,Bengali,6,1,1,1,1,11,101,1,1,1,1,11,1,1,1,1,1,1,101,1,1,1,20,5,4,4,5,0,18,,,3,8,3,12,,,578539,,20,72,20,,69,26,7,23,12,13,178,61,11,19,63,39,5,7,7,9,36,63,91,802,,16/02/20 21:53,1,0,32,32,0,0,0.85,9
743,,,base,interview,11/02/20 3:56,1,6,4,6,6,9,2,2,4,1,,13,unemployed (graduate),5,,24,1,,1,66,1,1,1,1,,66,1,1,1,1,1,1,1,1,1,1,1,1,1,2,15,4,3,4,4,0,36,,,15,200,30,17,,,,54,15,27,9,,47,18,4,10,9,8,18,28,13,9,30,48,14,6,13,40,44,10,31,526,,11/02/20 4:09,1,0,32,32,3,1,0.89,6
778,,,base,interview,17/02/20 8:26,1,8,4,3,1,1,2,2,4,1,,12,,6,,26,3,,3,1,1,1,49,101,,1,1,1,49,101,1,1,1,1,1,1,1,1,1,1,12,4,4,5,5,0,189,,,66,54,7,8,,,,86,24,26,8,,80,15,4,17,6,7,25,20,16,9,25,18,9,5,7,18,25,9,204,562,,17/02/20 8:39,1,0,32,32,3,1,0.99,10
783,,,base,interview,18/02/20 5:08,1,8,4,4,5,7,2,2,4,2,,12,,5,,33,6,Melayu,6,1,1,1,1,2,101,1,1,1,1,1,1,1,1,1,1,1,1,101,1,1,15,4,4,4,4,0,158,,,7,8,6,13,,,57223,,10,13,6,,9,3,3,11,6,5,13,8,13,8,29,6,5,5,6,6,18,6,9,277,,18/02/20 21:06,1,0,32,32,0,0,1.68,58
785,,,base,interview,18/02/20 9:43,1,8,2,7,8,7,2,2,4,2,,12,,5,,37,6,Indonesian,6,1,1,1,1,2,65,1,1,1,1,1,1,1,1,1,1,1,1,65,1,1,20,4,4,4,4,0,131,,,14,132,10,21,,,80,,11,194,17,,12,5,6,15,12,10,169,147,25,18,33,201,19,5,11,15,34,73,,770,,18/02/20 10:04,0,0,31,31,0,0,0.76,11
796,,,base,interview,19/02/20 22:25,1,6,3,7,8,9,2,2,4,2,,12,,3,,19,1,,1,81,9,1,1,1,,81,9,1,1,1,1,1,1,1,1,1,1,1,1,2,10,4,5,5,5,0,67,,,12,27,4,3,,,,41,16,31,7,,62,26,5,13,5,9,36,68,14,15,56,27,4,3,8,6,28,48,22,557,,19/02/20 22:35,1,0,32,32,0,0,1.06,10
798,,,base,interview,20/02/20 1:28,1,8,4,3,7,8,2,2,4,1,,12,,6,,32,1,,1,63,1,1,1,1,,63,1,1,1,1,1,1,1,1,1,1,1,1,1,1,20,4,4,4,4,0,31,,,10040,11,3,11,,,,40,9,8,8,,24,33,3,11,8,6,29,46,22,8,43,13,4,7,6,7,37,5,18,429,,20/02/20 4:22,1,0,32,32,3,1,1.28,21
822,,,base,interview,23/02/20 1:10,1,5,1,9,9,9,2,2,4,2,,12,,5,,24,6,German,6,1,1,1,1,2,101,1,1,1,1,2,1,1,1,101,1,1,1,1,1,1,18,4,4,4,4,0,92,,,14,67,7,18,,,27,,7,68,21,182,44,26,6,6,5,9,161,91,13,23,44,67,5,5,6,6,57,43,144,1019,,23/02/20 1:30,1,0,32,32,0,0,0.81,6
842,,,base,interview,24/02/20 13:08,1,8,4,3,6,8,2,-1,4,1,,12,,3,,18,3,,3,68,1,31,1,1,,68,1,31,1,1,1,1,1,1,1,1,1,1,1,1,10,4,5,4,4,0,102,,,4,7,9,6,,,,28,6,12,5,,55,22,3,8,6,5,36,37,10,5,79,30,4,6,5,6,16,2,21,433,,24/02/20 13:15,1,0,32,32,3,1,1.52,32
849,,,base,interview,25/02/20 0:14,1,6,1,7,7,8,2,2,4,1,,13,Technical writer,6,,41,1,,1,101,4,7,1,1,,101,4,7,1,1,1,1,1,1,1,1,1,1,1,1,23,5,5,5,5,0,179,,,267,90,6,5,,,,50,13,30,13,34,60,38,3,8,8,23,129,64,12,6,73,58,4,4,5,16,36,4,54,841,,25/02/20 0:32,1,0,32,32,3,1,0.96,10
850,,,base,interview,25/02/20 1:24,1,8,4,6,7,7,2,2,4,1,,12,,3,,21,1,,1,101,13,3,2,2,,101,13,3,2,2,1,1,1,1,1,1,1,1,1,1,5,4,4,4,4,0,101,,,7,39,5,5,,,,22,7,10,7,,76,17,9,8,6,6,143,61,10,5,80,7,3,4,9,4,22,5,27,604,,25/02/20 1:34,1,0,32,32,0,0,1.35,26
851,,,base,interview,25/02/20 1:36,1,6,4,9,8,9,2,2,4,2,,4,,4,,49,6,British,6,80,11,1,1,2,82,80,11,1,1,2,1,1,1,82,1,1,1,1,1,1,23,5,5,5,5,0,132,,,21,22,5,18,,,24,,20,20,10,,34,18,4,10,6,11,67,37,29,5,69,28,5,5,8,17,36,15,20,564,,25/02/20 1:45,1,0,32,32,0,0,0.98,6
853,,,base,interview,25/02/20 6:52,1,6,4,9,8,9,2,2,4,1,,2,,4,,46,1,,1,101,1,1,2,1,,101,1,1,2,1,1,1,1,1,1,1,1,1,1,1,27,4,4,5,5,0,188,,,16,19,9,3,,,,18,21,16,9,,55,19,5,7,7,13,86,48,11,7,30,38,4,4,5,8,57,7,15,537,,25/02/20 7:00,1,0,32,32,3,1,1.17,15
861,,,base,interview,26/02/20 0:19,1,7,3,8,7,8,2,-1,4,3,Transgender male,12,,3,,18,1,,1,95,12,1,1,1,,95,12,1,1,1,1,1,1,1,1,1,1,1,1,1,14,5,5,4,5,0,52,,,7,25,6,4,,,,43,30,24,7,,98,27,5,17,10,10,164,68,25,10,91,70,11,4,7,6,37,20,24,850,,26/02/20 0:33,1,0,32,32,0,0,0.86,6
864,,,base,interview,26/02/20 1:14,1,5,3,3,6,6,1,-1,4,2,,3,,6,,30,6,Vietnamese,6,51,2,1,27,2,98,51,2,1,27,2,1,1,1,1,1,1,1,98,1,1,10,4,4,4,4,0,130,,,2,3,3,17,,,22,,8,37,7,,13,5,4,13,5,4,11,14,18,7,71,20,82,9,7,14,19,9,,347,,26/02/20 1:21,0,0,31,31,3,1,1.56,52
870,,,base,interview,26/02/20 4:17,1,7,4,7,7,5,2,2,4,1,,3,,5,,28,6,Taiwanese,6,2,1,2,52,1,101,2,1,2,52,1,1,1,1,1,1,101,1,1,1,1,20,5,5,5,5,0,20,,,9,19,5,11,,,24,,340,46,9,,68,23,3,10,8,6,15,25,9,5,31,33,5,3,5,7,16,2,10,419,,26/02/20 4:29,1,0,32,32,3,1,1.39,27
872,,,base,interview,26/02/20 20:40,1,7,4,8,8,7,2,2,4,1,,3,,4,,26,1,,1,101,17,1,13,1,,101,17,1,13,1,1,1,1,1,1,1,1,1,1,1,15,5,5,5,5,0,89,,,9,37,9,5,,,,35,10,42,12,,51,31,20,10,6,11,81,134,11,14,61,121,5,4,10,11,89,15,87,800,,26/02/20 20:56,1,0,32,32,3,1,0.79,3
875,,,base,interview,27/02/20 1:44,1,5,3,5,5,8,2,2,4,1,,13,Finance assistant,4,,39,6,Latin American,6,1,1,1,1,1,101,1,1,1,1,1,1,1,101,1,1,1,1,1,1,1,25,5,4,5,5,0,77,,,13,101,5,19,,,70,,11,61,16,,89,31,5,16,6,21,42,31,19,28,82,80,5,6,21,42,45,56,23,844,,27/02/20 2:00,1,0,32,32,3,3,0.68,2
884,,,base,interview,28/02/20 1:00,1,8,3,9,8,9,2,2,4,2,,3,,6,,24,5,,5,16,12,4,1,100,,16,12,4,1,100,1,1,1,1,1,1,1,1,1,1,14,5,5,5,5,0,146,,,6,4,151,8,,,,760,22,21,9,,113,95,8,11,8,12,536,120,10,8,39,78,5,6,4,13,27,5,51,701,,28/02/20 1:35,1,0,32,32,10,8,0.92,16
896,,,base,interview,1/03/20 23:21,1,6,4,7,9,9,2,2,2,1,,3,,5,,27,5,,5,1,1,2,1,101,,1,1,2,1,101,1,1,1,1,1,1,1,1,1,1,9,5,5,5,5,0,153,,,8,40,5,8,,,,63,18,124,7,,43,35,6,19,7,11,63,65,38,32,159,36,8,5,6,17,39,27,76,803,,1/03/20 23:37,1,0,32,32,0,0,0.72,2
907,,,base,interview,2/03/20 21:38,1,8,4,6,6,7,2,2,4,1,,12,,6,,29,6,Vietnamese,6,1,1,1,54,94,101,1,1,1,54,94,1,1,1,1,1,1,101,1,1,1,16,4,4,4,4,0,25,,,113,25,4,19,,,34,,12,52,7,,18,28,3,17,9,165,99,52,14,9,27,8,3,7,5,5,40,11,25,551,,2/03/20 21:51,1,0,32,32,0,0,1.08,16
908,,,base,interview,2/03/20 22:55,1,5,4,9,7,9,2,2,4,1,,12,,5,,22,6,Cambodian,6,1,1,1,27,1,78,1,1,1,27,1,1,1,1,1,1,1,1,78,1,1,10,5,4,5,5,0,2,,,16,64,8,10,,,42,,9,34,7,,48,19,3,13,4,8,40,54,8,5,32,38,5,5,8,11,28,6,16,541,,2/03/20 23:04,1,0,32,32,3,1,1.09,9
920,,,base,interview,3/03/20 23:42,1,6,2,2,4,5,2,2,4,1,,12,,5,,26,2,,2,83,101,1,1,1,,83,101,1,1,1,1,1,1,1,1,1,1,1,1,2,20,4,4,5,5,0,134,,,16,29,4,7,,,,26,8,24,7,,22,19,3,5,4,5,68,76,11,5,66,60,3,4,7,5,17,5,8,514,,3/03/20 23:50,1,0,32,32,0,0,1.38,23
921,,,base,interview,4/03/20 3:05,1,8,4,1,1,1,1,1,4,2,,12,,3,,18,6,Pasifka indian,6,37,31,101,1,101,101,37,31,101,1,101,1,1,1,1,1,1,1,1,1,2,10,1,1,3,3,0,166,,,7,23,3,11,,,39,,8,5,4,,14,4,2,6,2,4,17,65,5,5,8,7,4,4,6,9,38,9,16257992,334,,8/09/20 8:17,0,0,32,32,0,0,1.79,59
935,,,base,interview,5/03/20 6:44,1,5,3,7,8,9,2,2,4,1,,12,,3,,20,1,,1,97,8,1,1,1,,97,8,1,1,1,1,1,1,1,1,1,1,1,1,2,12,5,4,4,4,0,94,,,6,28,4,19,,,,29,11,68,17,,32,110,3,11,6,8,144,21,7,17,31,28,4,4,7,7,35,7,25,597,,5/03/20 6:56,1,0,32,32,0,0,1.09,11
985,,,base,interview,11/03/20 20:14,1,6,4,4,5,5,2,2,4,2,,4,,6,,38,5,,5,1,1,1,1,101,,1,1,1,1,101,1,1,1,1,1,1,1,1,1,1,20,5,4,4,4,0,154,,,9,139,7,7,,,,85,21,26,9,,64,16,6,17,16,8,32,36,16,6,16,21,5,5,5,11,33,12,24,527,,11/03/20 20:25,1,0,32,32,3,1,1.02,9
992,,,base,interview,11/03/20 20:53,1,8,3,7,7,8,2,2,4,2,,3,,6,,33,5,,5,1,1,1,1,67,,1,1,1,1,67,1,1,1,1,1,1,1,1,1,1,16,5,4,4,5,0,187,,,6,9,6,9,,,,83,11,15,7,,9,4,4,11,6,5,33,20,12,8,14,33,8,4,8,19,43,4,18,409,,11/03/20 21:00,1,0,32,32,6,4,1.46,33
994,,,base,interview,11/03/20 21:04,1,5,3,6,6,7,2,2,4,1,,3,,6,,37,5,,5,1,1,1,1,101,,1,1,1,1,101,1,1,1,1,1,1,1,1,1,1,14,5,5,5,5,0,51,,,16,147,8,7,,,,94,95,71,41,,70,18,7,23,9,12,13,14,16,10,27,37,7,32,14,11,40,15,21,610,,11/03/20 21:18,1,0,32,32,6,6,0.85,12
1004,,,base,interview,13/03/20 0:04,1,8,4,7,9,9,2,2,2,2,,2,,5,,31,6,Asian (Filipino),6,1,1,21,19,1,101,1,1,21,19,1,1,1,1,1,1,1,1,101,1,1,20,5,5,5,5,0,37,,,10,77,6,23,,,45,,13,14,109,,26,17,4,13,5,6,84,47,729,17,140,239,13,6,6,6,26,6,11,668,,13/03/20 0:32,1,0,32,32,0,0,0.95,11
1008,,,base,interview,14/03/20 0:37,1,8,4,7,8,9,2,2,4,2,,12,,6,,32,6,Chinese decendent but living in Malaysia,6,1,1,1,101,1,101,1,1,1,101,1,1,1,1,1,1,101,1,1,1,1,20,5,5,5,5,0,122,,,25,8299,5,154,,,72,,12,47,12,,91,28,3,16,15,9,24,23,15,8,48,32,7,4,11,13,28,25,13,610,,14/03/20 3:08,1,0,32,32,3,1,0.89,7
1017,,,base,interview,17/03/20 0:02,1,6,4,9,9,9,2,2,4,1,,12,,3,,20,6,Latin American,6,40,62,65,20,31,101,40,62,65,20,31,1,1,101,1,1,1,1,1,1,1,10,4,5,5,5,0,128,,,24,5,5,9,,,40,,10,18,9,,5,33,5,7,9,9,34,51,12,6,44,7,5,5,10,14,28,8,,412,,17/03/20 0:09,0,0,31,31,3,1,1.25,35
1023,,,base,interview,18/03/20 1:54,1,8,2,4,5,8,2,2,4,1,,12,,3,,18,1,,1,101,1,1,1,1,,101,1,1,1,1,1,1,1,1,1,1,1,1,1,2,10,4,4,4,5,0,190,,,16,3659,6,4,,,,35,13,15,10,,315,26,6,12,7,20,25,44,14,6,42,21,5,4,7,7,57,6,11,488,,18/03/20 3:08,1,0,32,32,3,1,1.09,13
1175,,,base,interview,19/04/20 9:08,1,8,2,9,7,5,1,1,1,2,,13,Teaching ,5,,26,6,Nigeria ,6,34,30,31,25,18,34,34,30,31,25,18,34,1,1,1,1,1,1,1,1,1,9,4,5,4,5,0,199,,,29,38,31,43,,,72,,19,114,19,,25,26,12,21,21,25,62,69,35,35,53,69,19,13,12,45,60,96,57,828,,19/04/20 9:27,1,0,32,32,3,1,0.49,1
1176,,,base,interview,19/04/20 9:30,1,6,3,8,5,5,2,2,4,2,,12,,5,,23,5,,5,1,1,1,1,67,,1,1,1,1,67,1,1,1,1,1,1,1,1,1,2,15,4,4,4,4,0,147,,,356,8,158,13,,,,76,16,150,11,,53,9,6,19,73,18,13,221,17,17,9,11,8,6,20,31,37,5,28,628,,19/04/20 9:53,1,0,32,32,13,11,0.99,23
1181,,,base,interview,19/04/20 9:46,1,8,4,6,8,8,-1,1,2,2,,12,,5,,27,6,Ghanaian ,6,1,2,1,1,1,42,1,2,1,1,1,42,1,1,1,1,1,1,1,1,1,9,4,5,4,5,0,66,,,16,20,16,39,,,121,,30,20,21,,11,4,11,10,5,2,10,6,18,19,10,5,7,7,10,17,65,7,6,465,,19/04/20 9:54,1,0,32,32,18,16,1.38,63
1198,,,base,interview,19/04/20 16:00,1,8,4,5,5,6,2,2,2,2,,12,,5,,25,6,Malian ,6,1,1,1,1,1,101,1,1,1,1,1,101,1,1,1,1,1,1,1,1,1,12,4,4,4,4,0,6,,,21,105,29,41,,,101,,37,25,14,,74,133,9,23,22,11,68,181,40,13,33,60,13,5,63,13,120,15,133,778,,19/04/20 16:23,1,0,32,32,0,0,0.5,1
1200,,,base,interview,19/04/20 18:05,1,6,1,9,8,6,1,2,3,2,,2,,5,,24,6,African,6,1,1,29,1,1,101,1,1,29,1,1,101,1,1,1,1,1,1,1,1,1,9,5,5,5,5,0,162,,,12,24,34,18,,,57,,18,30,22,18,61,4,8,10,6,11,46,27,25,8,45,18,9,10,9,18,48,20,8,590,,19/04/20 18:15,1,0,32,32,3,1,1.04,19
1280,,,base,interview,13/05/20 15:05,1,8,3,9,9,7,2,2,4,1,,12,,3,,20,6,Pakistani and Middle Eastern ,6,1,1,1,1,1,43,1,1,1,1,1,1,1,1,1,1,1,43,1,43,1,10,5,4,4,5,0,45,,,7,13,5,35,,,45,,17,12,7,,20,10,5,18,49,9,121,183,13,6,74,39,10,5,9,10,40,11,34,604,,13/05/20 15:18,1,0,32,32,3,1,0.98,10
1307,,,base,interview,17/05/20 3:09,1,6,3,4,4,9,1,2,4,1,,12,,3,,18,6,German,6,1,1,1,1,1,101,1,1,1,1,1,1,1,1,101,1,1,1,1,1,1,13,5,5,5,5,0,95,,,342,8,4,8,,,17,,9,20,5,,16,7,4,7,5,7,17,24,9,5,14,7,4,4,6,5,15,6,9,251,,17/05/20 3:19,1,0,32,32,3,1,1.83,46
1502,,,base,interview,9/07/20 2:11,1,6,4,7,5,9,2,2,4,1,,3,,6,,24,3,,3,40,1,101,1,3,,40,1,101,1,3,1,1,1,1,1,1,1,1,1,1,18,5,5,5,5,0,58,,,21,12,6,4,,,,33,8,64,5,,15,6,3,10,6,5,34,59,14,6,8,10,4,5,5,8,610,7,81,419,,9/07/20 2:28,1,0,32,32,3,3,1.44,33
1506,,,base,interview,11/07/20 6:53,1,6,4,4,6,7,2,2,4,2,,3,,6,,30,5,,5,1,1,1,1,67,,1,1,1,1,67,1,1,1,1,1,1,1,1,1,1,15,5,5,5,5,0,28,,,75,99,7,8,,,,85,30,62,10,,109,69,5,91,24,31,76,68,14,40,72,46,5,7,8,17,40,63,27,864,,11/07/20 7:12,1,0,32,32,0,0,0.58,0
1526,,,base01,interview,19/07/20 22:51,1,7,3,9,4,5,2,2,2,1,,2,,3,,54,2,,2,1,101,1,2,1,,1,101,1,2,1,1,1,1,1,1,1,1,1,1,2,35,3,3,4,3,,,,,9,136,104,6,,,,34,14,51,6,,80,23,5,9,9,9,302,33,18,9,62,37,6,8,8,19,30,14,16,151,,19/07/20 23:08,1,0,32,32,0,0,0.43,0
1548,,,base,interview,26/07/20 6:18,1,8,3,9,5,7,2,2,4,2,,12,,3,,21,5,,5,1,31,1,1,30,,1,31,1,1,30,1,1,1,1,1,1,1,1,1,2,7,5,4,3,3,0,5,,,3,9,4,10,,,,32,9,9,10,,37,6,3,7,8,13,40,128,16,8,14,23,5,4,10,5,45,4,9,471,,26/07/20 6:25,1,0,32,32,6,5,1.52,30
1561,,,base,interview,26/07/20 10:13,1,6,2,9,9,9,2,2,4,1,,12,,8,Diploma ,22,3,,3,1,1,87,1,1,,1,1,87,1,1,1,1,1,1,1,1,1,1,1,2,12,3,3,3,3,0,21,,,3,35,4,5,,,,63,15,75,8,,36,22,4,8,4,7,26,82,26,11,1750,69,7,3,21,10,33,7,12,641,,26/07/20 10:52,1,0,32,32,3,1,1.07,13
1572,,,base,interview,31/07/20 2:33,1,5,1,6,7,9,2,2,1,2,,3,,5,,30,5,,5,1,1,1,1,101,,1,1,1,1,101,1,1,1,1,1,1,1,1,1,1,18,4,4,4,4,0,142,,,4,4,2,5,,,,18,7,43,6,32,7,19,5,18,9,8,28,63,26,8,44,27,11,5,6,14,44,126,26,498,,31/07/20 2:43,1,0,32,32,0,0,1.32,34
1575,,,base,interview,1/08/20 10:29,1,8,4,8,7,9,2,2,4,1,,12,,5,,21,6,Vietnamese,6,1,1,1,1,1,101,1,1,1,1,1,1,1,1,1,1,1,1,101,1,1,15,4,4,4,4,0,181,,,53,6,3,13,,,38,,152,67,12,,69,16,3,7,6,8,60,127,8,6,32,67,4,3,12,6,29,20,12,655,,1/08/20 10:43,1,0,32,32,0,0,1.1,17
1577,,,base01,interview,2/08/20 2:12,1,8,4,5,7,9,2,2,4,2,,12,,8,"Tertiary education diploma, currently studying degree",25,2,,2,1,101,19,1,1,,1,101,19,1,1,1,1,1,1,1,1,1,1,1,1,15,4,3,4,4,,,,,10,15,6,3,,,,22,9,7,5,,17,9,4,7,6,14,29,81,12,5,33,27,19,5,33,6,30,4,22,31,,2/08/20 2:20,1,0,32,32,0,0,1.32,19
1580,,,base01,interview,2/08/20 21:06,1,5,3,8,8,9,2,2,4,2,,12,,4,,34,6,Latin American,6,52,27,8,5,4,101,52,27,8,5,4,1,1,101,1,1,1,1,1,1,1,28,5,5,5,5,,,,,4,2,3,14,,,48,,31,88,20,,52,23,5,14,11,11,86,65,11,11,60,89,7,13,14,15,54,131,22,9,,2/08/20 21:21,1,0,32,32,0,0,2.36,201
1592,,,base,interview,6/08/20 12:26,1,5,3,9,9,8,1,1,3,1,,12,,5,,21,6,Sri Lankan,6,47,1,1,2,1,100,47,1,1,2,1,1,1,1,1,1,1,100,1,1,1,10,3,4,4,4,0,174,,,9,29,10,20,,,63,,14,103,16,,71,27,6,19,9,21,17,24,76,19,178,50,8,8,26,14,70,13,,708,,6/08/20 12:42,0,0,31,31,12,10,0.71,6
1594,,,base,interview,6/08/20 13:37,1,8,4,3,9,9,1,2,4,1,,12,,5,,22,5,,5,1,1,1,1,101,,1,1,1,1,101,1,1,1,1,1,1,1,1,1,1,15,5,5,5,5,0,136,,,23,47,13,4,,,,39,13,15,15,,47,30,6,13,15,12,12,13,16,11,25,6,4,4,6,7,21,6,13,419,,6/08/20 13:44,1,0,32,32,16,14,1.29,31
1595,,,base,interview,6/08/20 14:09,1,8,4,4,8,9,1,1,4,1,,3,,6,,25,4,,4,1,2,1,61,1,,1,2,1,61,1,1,1,1,1,1,1,1,1,1,1,20,5,4,5,5,0,7,,,44,71,6,15,,,,49,15,89,16,,135,52,7,16,15,11,98,54,48,12,96,67,7,5,11,57,38,15,43,966,,6/08/20 14:27,1,0,32,32,3,1,0.58,0
1600,,,base,interview,7/08/20 4:04,1,5,3,4,7,7,2,2,4,2,,12,,3,,23,6,Malay,6,1,1,1,1,1,101,1,1,1,1,1,1,1,1,1,1,1,1,101,1,1,13,4,4,5,4,0,191,,,7,22,4,6,,,37,,7,112,5,,30,17,4,7,5,9,115,54,11,6,48,9,7,4,9,4,26,6,24,595,,7/08/20 4:14,1,0,32,32,3,1,1.26,18
1610,,,base,interview,7/08/20 8:39,1,7,4,6,7,6,2,2,4,1,,3,,5,,25,6,Sri Lankan,6,1,1,1,1,1,65,1,1,1,1,1,1,1,1,1,1,1,65,1,1,2,20,4,4,4,4,0,13,,,5,17,4,13,,,34,,8,8,5,,17,18,4,7,6,5,6,7,11,6,6,5,5,4,42,8,42,2,16,278,,7/08/20 8:44,1,0,32,32,18,16,1.67,71
1617,,,base,interview,7/08/20 11:44,1,7,4,5,5,5,-1,2,2,1,,12,,3,,20,6,Srilankan ,6,52,22,26,79,21,27,52,22,26,79,21,1,1,1,1,1,1,27,1,1,1,4,3,3,4,4,0,177,,,23,398,39,74,,,137,,69,342,15,,9,4,10,36,23,27,30,147,27,20,174,19,35,13,23,13,112,67,34,610,,7/08/20 12:16,1,0,32,32,0,0,0.62,16
1645,,,base,interview,10/08/20 6:30,1,8,2,4,4,7,2,2,4,1,,12,,5,,22,1,,1,54,1,1,1,1,,54,1,1,1,1,1,1,1,1,1,1,1,1,1,2,14,3,3,3,3,0,126,,,9,126,6,6,,,,36,15,32,16,,158,19,6,19,8,20,123,21,13,7,165,94,5,4,25,9,52,15,16,889,,10/08/20 6:47,1,0,32,32,0,0,0.83,5
1662,,,base,interview,12/08/20 7:03,1,7,3,7,6,8,2,2,4,2,,12,,3,,19,1,,1,96,6,1,1,1,,96,6,1,1,1,1,1,1,1,1,1,1,1,1,1,10+,4,4,4,4,0,57,,,6,166,10,11,,,,41,56,19,23,,47,40,9,34,6,18,91,61,24,8,86,53,6,3,9,12,44,138,22,704,,12/08/20 7:21,1,0,32,32,0,0,0.74,3
1663,,,base,interview,12/08/20 7:38,1,8,4,4,6,6,2,2,4,1,,12,,3,,20,6,Sri Lankan,6,8,1,1,1,1,101,8,1,1,1,1,1,1,1,1,1,1,101,1,1,2,8,4,3,4,4,0,71,,,3,20,6,13,,,36,,8,11,7,,16,8,3,15,7,6,8,23,11,5,14,14,4,5,9,7,31,11,19,320,,12/08/20 7:44,1,0,32,32,9,9,1.58,38
1664,,,base01,interview,13/08/20 3:09,1,7,4,3,6,6,1,1,4,2,,13,Health/Social Services,4,,56,2,,2,1,101,1,1,1,,1,101,1,1,1,1,1,1,1,1,1,1,1,1,1,30,5,5,5,5,,,0,64,17,25,6,7,,,,243,16,30,26,,160,11,7,11,9,18,42,79,28,15,133,91,6,19,27,49,37,56,123,48,,13/08/20 3:30,1,0,32,32,0,0,0.91,5
1682,,,base,interview,18/08/20 4:26,1,8,4,1,9,9,2,2,4,1,,13,Education ,5,,20,2,,2,21,42,24,43,1,,21,42,24,43,1,1,1,1,1,1,1,1,1,1,2,8,4,4,4,4,0,171,,,23,8,4,7,,,,42,14,12,8,,3,10,7,4,4,13,5,13,10,8,16,20,13,17,12,18,15,4,14,304,,18/08/20 4:31,1,0,32,32,3,1,1.57,64
1696,,,base,interview,31/08/20 23:40,1,8,4,9,9,9,2,2,4,1,,12,,5,,25,4,,4,1,1,1,59,1,,1,1,1,59,1,1,1,1,1,1,1,1,1,1,2,20,4,3,4,4,0,88,,,25,382,3,3,,,,22,9,20,7,,144,58,3,6,10,7,127,43,10,5,23,23,3,2,8,5,37,12,12,651,,31/08/20 23:57,1,0,32,32,0,0,1.3,23
1705,,,base,interview,7/09/20 23:41,1,6,3,9,9,9,2,2,4,1,,12,,4,,32,2,,2,53,49,1,1,1,,53,49,1,1,1,1,1,1,1,1,1,1,1,1,1,25,5,5,5,5,0,86,,,7,9,5,8,,,,37,11,89,10,,39,3,4,7,5,9,54,9,13,6,16,17,4,6,13,7,32,9,32,461,,7/09/20 23:48,1,0,32,32,3,1,1.33,30
1711,,,base,interview,16/09/20 2:34,1,8,3,7,8,9,2,2,4,1,,12,,3,,18,2,,2,27,82,1,1,1,,27,82,1,1,1,1,1,1,1,1,1,1,1,1,2,13,5,4,4,4,0,186,,,9,18,5,5,,,,515,11,7,13,,73,8,7,8,3,6,95,113,7,4,44,15,5,3,6,7,44,56,14,579,,16/09/20 2:53,1,0,32,32,0,0,1.27,24
1723,,,base,interview,16/09/20 7:50,1,5,1,9,7,9,2,2,4,1,,12,,3,,19,6,Thai,6,51,1,1,1,1,66,51,1,1,1,1,1,1,1,1,1,1,1,66,1,1,10,5,5,5,5,0,164,,,468,154,5,13,,,47,,12,43,42,101,38,21,37,6,6,13,50,42,16,14,134,30,9,4,22,6,40,14,37,756,,16/09/20 8:13,1,0,32,32,0,0,0.78,3
1724,,,base,interview,16/09/20 7:53,1,6,2,4,5,6,-1,-1,2,1,,3,,6,,47,6,East Timorese,6,42,43,43,27,43,101,42,43,43,27,43,1,1,1,1,1,1,1,101,1,1,25,4,4,4,4,0,109,,,3,5,3,9,,,121,,59,423,18,,42,24,9,25,16,11,178,39,55,14,77,66,10,19,15,13,50,29,32,860,,16/09/20 8:15,1,0,32,32,0,0,0.77,12
1727,,,base,interview,16/09/20 8:11,1,6,3,4,6,5,1,1,4,1,,12,,3,,20,1,,1,101,1,1,1,1,,101,1,1,1,1,1,1,1,1,1,1,1,1,1,2,10,4,4,4,4,0,118,,,10,47,10,7,,,,26,17,25,9,,100,41,5,16,7,9,49,66,14,14,139,66,5,5,19,11,47,14,,778,,16/09/20 8:23,0,0,31,31,3,1,0.79,2
1729,,,base,interview,16/09/20 8:11,1,8,4,8,7,7,2,2,4,1,,12,,3,,19,1,,1,101,28,1,1,1,,101,28,1,1,1,1,1,1,1,1,1,1,1,1,1,15,5,4,4,5,0,53,,,7,56,7,4,,,,42,11,192,10,,44,17,3,10,7,19,84,56,18,5,59,25,4,4,11,7,27,44,27,603,,16/09/20 8:25,1,0,32,32,0,0,0.97,7
1730,,,base,interview,16/09/20 8:29,1,7,3,7,8,9,2,2,4,1,,12,,3,,19,6,British ,6,67,1,2,1,2,101,67,1,2,1,2,1,1,1,101,1,1,1,1,1,1,10,4,4,4,4,0,176,,,11,7,3,18,,,41,,1071,47,9,,34,8,3,9,7,7,72,100,11,7,62,55,6,4,10,11,41,5,12,612,,16/09/20 8:57,1,0,32,32,3,1,1.12,15
1736,,,base,interview,17/09/20 2:58,1,5,3,7,7,8,1,1,4,1,,6,,5,,22,6,South African European ,6,32,1,1,35,1,101,32,1,1,35,1,1,1,1,101,1,1,1,1,1,2,16,4,2,3,3,0,4,,,12,25,7,19,,,29,,23,306,12,,54,19,4,12,9,11,201,145,16,13,69,41,6,8,8,17,43,11,42,886,,17/09/20 3:17,1,0,32,32,3,1,0.73,1
1739,,,base,interview,17/09/20 6:51,1,8,4,5,9,9,2,2,4,1,,12,,6,,27,5,,5,1,1,68,36,68,,1,1,68,36,68,1,1,1,1,1,1,1,1,1,1,10,5,4,5,5,0,145,,,7,56,7,13,,,,48,15,50,8,,68,15,4,10,7,7,68,54,10,6,34,50,5,5,5,6,27,7,11,603,,17/09/20 7:01,1,0,32,32,3,1,1.06,9
1742,,,base,interview,18/09/20 0:23,1,8,4,4,7,9,2,2,4,1,,12,,5,,20,6,Japanese,6,1,1,1,6,1,101,1,1,1,6,1,1,1,1,1,1,101,1,1,1,1,4,2,2,2,2,0,152,,,4,14,6,11,,,34,,14,11,5,,5,3,2,42,5,4,24,19,21,15,24,15,4,6,8,9,29,6,39,347,,18/09/20 0:29,1,0,32,32,3,1,1.52,48
1750,,,base,interview,21/09/20 6:12,1,8,4,1,3,4,2,2,4,1,,12,,3,,19,5,,5,1,3,1,4,54,,1,3,1,4,54,1,1,1,1,1,1,1,1,1,1,15,4,4,4,5,0,22,,,53,11,15,7,,,,18,13,99,7,,6899,18,3,7,6,10,77,53,14,10,47,19,5,3,9,9,31,4,21,560,,21/09/20 8:17,1,0,32,32,3,1,1.09,12
1757,,,base,interview,24/09/20 3:52,1,6,4,9,8,8,2,2,4,1,,12,,4,,25,1,,1,101,1,1,1,1,,101,1,1,1,1,1,1,1,1,1,1,1,1,1,2,18,3,3,4,4,0,43,,,8,145,13,4,,,,23,21,48,8,,87,49,5,25,13,15,133,53,23,9,90,106,5,4,10,7,47,13795,11,842,,24/09/20 7:58,1,0,32,32,0,0,0.81,7
1758,,,base,interview,28/09/20 4:16,1,8,4,8,4,5,1,1,1,1,,12,,3,,23,4,,4,4,10,1,59,44,,4,10,1,59,44,1,1,1,1,1,1,1,1,1,1,20,4,4,4,4,0,141,,,5,12,6,76,,,,157,9,10,6,,13,5,4,6,4,6,10,21,13,5,23,20,8,4,6,7,19,6,,277,,28/09/20 4:24,0,0,31,31,0,0,1.61,40
1760,,,base,interview,28/09/20 5:40,1,5,1,7,5,7,2,2,4,1,,13,Academic,7,,39,6,European,6,64,6,9,1,1,101,64,6,9,1,1,1,1,1,101,1,1,1,1,1,1,25+,5,4,5,5,0,197,,,28,52,4,20,,,49,,18,39,15,155,32,23,5,152,11,15,116,29,13,9,78,30,4,7,6,56,72,4,27,880,,28/09/20 5:58,1,0,32,32,6,4,0.82,6
1761,,,base,interview,28/09/20 6:18,1,8,2,7,6,6,2,-1,4,1,,6,,5,,20,2,,2,27,57,1,1,1,,27,57,1,1,1,1,1,1,1,1,1,1,1,1,1,10,4,3,3,5,0,70,,,6,35,4,5,,,,42,8,9,11,,22,8,3,5,6,6,188,12,13,7,11,13,6,6,7,9,32,3,7,484,,28/09/20 6:26,1,0,32,32,3,1,1.61,39
1764,,,base,interview,30/09/20 2:35,1,5,4,7,5,5,1,1,4,1,,6,,3,,19,1,,1,67,47,15,8,9,,67,47,15,8,9,1,1,1,1,1,1,1,1,1,1,9,4,4,4,4,0,11,,,12,11,13,9,,,,48,22,64,12,,68,40,9,15,6,12,10,26,12,9,60,28,6,6,16,25,29,12,30,602,,30/09/20 2:45,1,0,32,32,3,1,0.92,12
1786,,,base,interview,14/10/20 2:59,1,8,4,7,8,8,1,1,4,1,,12,,3,,20,4,,4,1,1,1,63,1,,1,1,1,63,1,1,1,1,1,1,1,1,1,1,1,10,4,4,4,4,0,133,,,6,12124,4,5,,,,24,7,8,6,,32,14,3,9,6,5,28,48,15,6,28,12,4,5,11,5,17,5,284,362,,14/10/20 6:31,1,0,32,32,3,1,1.42,27
1789,,,base,interview,14/10/20 3:45,1,5,2,9,9,9,2,2,4,2,,12,,6,,33,6,African,6,1,1,1,1,1,101,1,1,1,1,1,101,1,1,1,1,1,1,1,1,1,10,3,3,3,3,0,14,,,5,5,9,14,,,502,,17,54,16,,10,4,7,12,10,8,13,27,14,25,16,14,8,30,8,18,34,11,22,414,,14/10/20 4:00,1,0,32,32,0,0,1.24,34
1791,,,base,interview,14/10/20 6:32,1,7,2,6,7,8,1,2,4,1,,12,,4,,19,6,SE Asian,6,1,1,1,11,1,59,1,1,1,11,1,1,1,1,1,1,1,1,59,1,1,12,3,4,4,5,0,196,,,8,6,4,13,,,28,,7,25,8,,34,13,3,5,5,5,26,47,6,4,47,22,8,4,7,6,17,2,29,389,,14/10/20 6:39,1,0,32,32,3,1,1.52,32
1797,,,base,interview,14/10/20 9:34,1,6,4,4,5,6,2,2,4,1,,12,,5,,21,4,,4,1,1,1,63,1,,1,1,1,63,1,1,1,1,1,1,1,1,1,1,2,15,4,5,4,4,0,180,,,8,6,4,3,,,,20,15,44,12,,12,3,2,7,6,6,18,37,30,13,20,15,5,11,14,8,56,3,32,404,,14/10/20 9:41,1,0,32,32,3,1,1.54,42
1799,,,base,interview,14/10/20 11:56,1,8,4,7,7,9,1,2,4,1,,12,,3,,18,6,South Asian,6,1,1,1,6,1,59,1,1,1,6,1,1,1,1,1,1,1,59,1,1,2,11,4,3,4,4,0,140,,,4,3,4,25,,,16,,8,12,4,,3,3,2,7,4,8,67,45,7,7,95,26,4,9,4,4,14,3,13,401,,14/10/20 12:03,1,0,32,32,3,1,1.78,72
1803,,,base,interview,15/10/20 8:55,1,6,4,7,6,8,1,2,4,1,,12,,3,,20,4,,4,7,1,1,1,1,,7,1,1,1,1,1,1,1,1,1,1,1,1,1,1,13,5,4,4,4,0,111,,,2,4,3,9,,,,15,9,9,5,,3,2,1,4,6,9,30,25,5,3,31,15,4,4,3,4,10,2,98,242,,15/10/20 9:00,1,0,32,32,3,1,2.13,98
1804,,,base,interview,15/10/20 10:13,1,8,4,4,9,9,2,2,1,1,,12,,3,,21,6,Malaysian,6,1,1,1,35,76,101,1,1,1,35,76,1,1,1,1,1,1,1,101,1,1,11,4,4,4,5,0,75,,,13,90,5,15,,,50,,19,25,11,,134,26,3,14,4,8,276,158,33,12,283,34,6,8,19,7,75,15,17,787,,15/10/20 10:36,1,0,32,32,3,1,0.75,3
1805,,,base,interview,16/10/20 2:05,1,8,4,3,7,6,1,-1,4,2,,12,,6,,26,4,,4,24,4,27,12,29,,24,4,27,12,29,1,1,1,1,1,1,1,1,1,1,8,4,4,4,4,0,8,,,8,34,6,5,,,,56,9,68,7,,31,8,4,11,7,6,82,42,16,14,74,20,5,5,7,10,24,21,11,591,,16/10/20 2:15,1,0,32,32,0,0,1.1,12
1806,,,base,interview,16/10/20 4:02,1,8,4,2,4,9,1,1,4,1,,12,,3,,21,6,Dutch,6,51,1,1,1,1,51,51,1,1,1,1,1,1,1,51,1,1,1,1,1,1,10,3,4,4,4,0,74,,,12,66,7,16,,,43,,11,13,8,,131,46,7,19,8,19,190,43,17,8,133,32,5,4,13,6,34,9,32,932,,16/10/20 4:18,1,0,32,32,3,1,0.84,5
1810,,,base,interview,20/10/20 4:36,1,8,4,2,3,7,1,2,4,1,,12,,3,,19,2,,2,83,77,1,1,1,,83,77,1,1,1,1,1,1,1,1,1,1,1,1,1,8,5,5,5,5,0,83,,,5,22,4,9,,,,49,8,6,5,,13,4,3,8,6,6,7,14,11,5,10,58,5,4,7,8,18,3,7,305,,20/10/20 4:41,1,0,32,32,3,1,1.79,60
1847,,,base,interview,4/11/20 8:43,1,5,4,9,7,5,2,2,4,1,,13,Homemaker ,5,,51,6,Other European ,6,1,1,1,1,1,101,1,1,1,1,1,1,1,1,101,1,1,1,1,1,1,36,5,5,5,5,0,81,,,5,30,5,18,,,26,,10,34,9,,48,35,5,7,10,9,15,25,12,6,31,22,5,10,10,21,33,7,,448,,4/11/20 8:50,0,0,31,31,3,1,1.14,13
1850,,,base,interview,4/11/20 9:32,1,8,2,7,8,9,-1,-1,4,1,,3,,3,,21,6,Filipino,6,1,1,1,2,2,101,1,1,1,2,2,1,1,1,1,1,1,1,101,1,1,18,4,4,4,4,0,1,,,15,4,4,9,,,16,,8,41,175,,37,9,5,10,5,7,66,82,11,8,14,32,5,4,7,36,28,4,,450,,4/11/20 9:43,0,0,31,31,6,4,1.29,26
1858,,,base,interview,5/11/20 4:46,1,5,3,,,,,,,,,,,,,,6,Nepalese,6,1,1,1,1,1,101,1,1,1,1,1,1,1,1,1,1,1,101,1,1,,,,,,,,,,,7,103,3,9,,,20,,20,9,5,,,,,,,,,,,,,,,,,,,,,176,,5/11/20 4:49,0,0,12,12,8,8,1.46,32
1860,,,base,interview,5/11/20 22:52,1,7,2,9,9,9,2,2,4,1,,12,,5,,21,5,,5,1,1,97,101,1,,1,1,97,101,1,1,1,1,1,1,1,1,1,1,1,21,4,4,5,5,0,163,,,7,41,4,5,,,,20,10,10,9,,22,32,5,8,4,6,26,12,9,5,23,11,4,3,5,12,26,4,11,334,,5/11/20 22:58,1,0,32,32,3,1,1.63,35
1862,,,base,interview,6/11/20 3:04,1,5,,,,,,,,,,,,,,,6,British and Irish,6,60,1,1,1,1,101,60,1,1,1,1,1,1,1,101,1,1,1,1,1,,,,,,,,,,,1,6,2,15,,,42,,11,,,,,,,,,,,,,,,,,,,,,,,77,,6/11/20 3:05,0,0,10,10,0,0,1.88,97
1865,,,base,interview,6/11/20 9:25,1,5,,,,,,,,,,,,,,,6,Malaysian Chinese,6,1,1,1,31,1,53,1,1,1,31,1,1,1,1,1,1,1,1,53,1,,,,,,,,,,,25,27,7,44,,,77,,26,5,,,,,,,,,,,,,,,,,,,,,,176,,6/11/20 9:29,0,0,2,11,9,9,0.88,34
1907,,,base,interview,18/11/20 12:19,1,6,4,2,2,2,-1,1,4,1,,5,,5,,37,4,,4,7,5,19,4,1,,7,5,19,4,1,1,1,1,1,1,1,1,1,1,1,19,4,4,4,4,0,93,,,57,230,45,18,,,,110,45,108,23,,142,52,13,32,50,79,377,152,54,29,173,231,25,65,35,92,140,73,239,757,,18/11/20 13:04,1,0,32,32,0,0,0.23,0
1908,,,base,interview,18/11/20 22:52,1,8,4,9,9,9,-1,-1,4,1,,3,,5,,42,4,,4,1,1,101,1,1,,1,1,101,1,1,1,1,1,1,1,1,1,1,1,1,25,3,3,3,3,0,61,,,8,88,9,11,,,,59,28,64,18,,147,39,7,15,13,10,35,52,23,16,48,44,10,20,9,15,40,128,45,867,,18/11/20 23:09,1,0,32,32,0,0,0.64,1
1919,,,base,interview,21/11/20 5:23,1,6,4,8,8,8,2,2,4,2,,5,,5,,52,6,persian(test),6,1,1,1,1,101,1,1,1,1,1,101,1,1,1,1,1,1,1,1,1,1,25,5,4,5,5,0,85,,,5,877,4,20,,,191,,12,17,9,,30,32,5,15,7,6,47,107,14,9,57,25,5,6,5,16,40,46,50,621,,21/11/20 5:51,1,0,32,32,0,0,0.91,7
1921,,,base,interview,22/11/20 9:52,1,8,4,7,7,7,2,2,2,2,,12,,5,,24,6,Burmese,6,1,1,101,11,11,101,1,1,101,11,11,1,1,1,1,1,1,1,101,1,1,10,4,4,4,4,0,183,,,6,6,2,12,,,53,,12,7,4,,11,4,4,10,9,3,7,3,31,13,6,4,3,4,6,6,18,2,21,267,,22/11/20 9:57,1,0,32,32,15,13,1.92,100
1926,,,base,interview,24/11/20 0:58,1,5,3,9,9,9,2,2,4,1,,13,Housewife,3,,53,6,Sri Lankan ,6,24,1,1,1,1,100,24,1,1,1,1,1,1,1,1,1,1,100,1,1,2,5,3,2,3,3,0,49,,,4,4,7,23,,,81,,31,86,12,,177,27,6,27,9,10,276,40,63,11,16,33,5,12,16,31,53,5,36,665,,24/11/20 1:16,1,0,32,32,6,4,0.86,16
1926,,,base,interview,24/11/20 0:58,1,5,3,9,9,9,2,2,4,1,,13,Housewife,3,,53,6,Sri Lankan ,6,24,1,1,1,1,100,24,1,1,1,1,1,1,1,1,1,1,100,1,1,,,4,4,7,23,,81,,31,86,12,,177,27,6,27,9,10,276,40,63,11,16,33,5,12,16,31,53,5,36,662,,,,,,,,,,,24/11/20 1:16,1,0,32,32,6,4,0.86,16
1929,,,base,interview,26/11/20 3:37,1,5,2,9,9,9,2,1,4,2,,13,Heavy motor mechanic  ,4,,53,6,Sri Lankan,6,1,1,1,1,1,101,1,1,1,1,1,1,1,1,11,1,1,101,1,1,,,6,6,5,12,,26,,11,40,10,,5,22,4,9,7,10,11,13,52,9,11,12,7,13,20,164,47,3,31,366,,,,,,,,,,,26/11/20 3:47,1,0,32,32,15,13,1.38,46
1931,,,base,interview,8/12/20 5:02,1,5,1,9,9,9,2,2,3,1,,12,,6,,28,4,,4,1,1,1,88,1,,1,1,1,88,1,1,1,1,1,1,1,1,1,1,1,13,4,4,4,4,0,198,,,23,11879,22,32,,,,53,16,131,51,338,121,42,7,16,14,11,314,226,31,23,141,328,9,8,11,76,78,61,59,1094,,8/12/20 8:58,1,0,32,32,0,0,0.39,0
1941,,,base,interview,13/12/20 4:49,1,8,4,1,4,9,1,1,4,1,,12,,5,,22,4,,4,66,4,6,61,5,,66,4,6,61,5,1,1,1,1,1,1,1,1,1,1,20,5,5,5,5,0,137,,,2,4,3,3,,,,14,6,7,4,,42,5,2,6,23,9,5,9,10,4,10,5,5,4,6,7,16,5,10,209,,13/12/20 4:52,1,0,32,32,0,0,2.1,92
1954,,,base,interview,18/12/20 3:22,1,6,3,9,9,9,2,2,4,2,,12,,6,,28,6,middle eastern,6,3,3,5,1,6,101,3,3,5,1,6,1,1,1,1,1,1,1,1,101,1,15,5,5,5,5,0,26,,,755,74,8,23,,,39,,18,37,11,,43,25,4,11,5,16,49,53,11,9,57,50,5,7,7,10,20,103,113,635,,18/12/20 3:48,1,0,32,32,0,0,0.8,3
1970,,,base,interview,13/01/21 1:37,1,5,3,8,7,9,2,2,4,1,,12,,3,,22,6,Filipino,6,101,1,1,1,1,101,101,1,1,1,1,1,1,1,1,1,1,1,101,1,1,14,5,5,5,5,0,3,,,1269,5,3,12,,,44,,8,14012,9,,28,6,2,9,5,9,66,58,12,5,37,10,5,3,9,7,40,10,16,457,,13/01/21 5:59,1,0,32,32,3,1,1.32,25
1977,,,base,interview,17/01/21 3:51,1,5,2,8,7,9,1,2,4,3,Non-binary,12,,3,,20,4,,4,1,1,1,78,1,,1,1,1,78,1,1,1,1,1,1,1,1,1,1,1,8,5,5,5,5,0,44,,,33,69,7,7,,,,38,20,581,11,,60,18,4,13,5,8,130,33,18,6,72,66,10,3,61,5,21,14,25,736,,17/01/21 4:14,1,0,32,32,0,0,0.87,7
1986,,,base,interview,22/01/21 9:14,1,8,4,7,8,8,2,2,4,1,,3,,5,,42,4,,4,2,1,1,101,2,,2,1,1,101,2,1,1,1,1,1,1,1,1,1,2,25,4,4,4,4,0,91,,,25,124,16,9,,,,35,35,69,24,,185,70,7,19,13,11,44,103,15,8,51,57,6,9,9,15,37,35,43,847,,22/01/21 9:32,1,0,32,32,3,1,0.62,0
1993,,,base,interview,25/01/21 4:27,1,6,4,8,6,6,2,2,4,2,,4,,5,,26,6,Polish,6,18,1,1,1,1,79,18,1,1,1,1,1,1,1,79,1,1,1,1,1,1,13,3,4,4,4,0,69,,,7,36,8,35,,,41,,13,35,7,,40,11,5,14,8,20,56,42,11,7,34,40,5,17,9,21,30,9,67,616,,25/01/21 4:37,1,0,32,32,3,1,0.89,4
1997,,,base,interview,27/01/21 2:55,1,6,3,,,,,,,,,,,,,,5,,5,1,1,1,1,58,,1,1,1,1,58,1,1,1,1,1,1,1,1,1,,,,,,,,,,,5,39,5,8,,,,37,10,16,9,,35,,,,,,,,,,,,,,,,,,,164,,27/01/21 2:57,0,0,14,14,0,0,1.2,12
1998,,,base,interview,27/01/21 3:02,1,6,2,6,7,8,2,2,4,1,,12,,6,,27,5,,5,1,1,1,1,57,,1,1,1,1,57,1,1,1,1,1,1,1,1,1,1,10,5,4,4,4,0,135,,,5,18,3,3,,,,16,10,11,6,,7,3,5,8,8,16,25,27,11,8,14,42,4,5,8,8,37,33,,341,,27/01/21 3:08,0,0,31,31,0,0,1.57,44
2000,,,base,interview,28/01/21 0:37,1,5,2,5,4,4,1,2,4,1,,12,,5,,22,2,,2,48,56,1,1,1,,48,56,1,1,1,1,1,1,1,1,1,1,1,1,1,17,4,4,5,5,0,76,,,9,6,3,12,,,,23,14,56,6,,5,5,2,8,5,5,12,24,12,5,37,16,3,5,8,6,23,3,7,320,,28/01/21 0:42,1,0,32,32,3,1,1.75,57
2006,,,base,interview,28/01/21 22:29,1,8,2,5,7,7,,,,,,,,,,,3,,3,1,1,101,1,1,,1,1,101,1,1,1,1,1,1,1,1,1,1,1,,,,,,,,,,,8,48,4,4,,,,25,9,32,13,,34,6,4,11,13,11,187,,,,,,,,,,,,,409,,28/01/21 22:35,0,0,20,20,7,7,1.16,15
2008,,,base,interview,1/02/21 4:35,1,5,,,,,,,,,,,,,,,2,,2,40,101,1,1,1,,40,101,1,1,1,1,1,1,1,1,1,1,1,1,,,,,,,,,,,7,54,10,6,,,,39,29,,,,,,,,,,,,,,,,,,,,,,,145,,1/02/21 4:37,0,0,10,10,0,0,0.83,5
2009,,,base,interview,1/02/21 4:41,1,5,2,3,3,7,2,1,1,1,,13,Research,7,,54,2,,2,22,101,1,1,1,,22,101,1,1,1,1,1,1,1,1,1,1,1,1,1,25,5,4,5,5,0,172,,,5,6,4,8,,,,21,7,120,12,,49,18,8,20,10,13,345,89,22,17,120,103,7,11,7,46,68,122,141,844,,1/02/21 5:05,1,0,32,32,0,0,0.8,11
2025,,,base,interview,5/02/21 1:52,1,6,4,3,4,3,2,2,4,2,,3,,8,Postgraduate Diploma,30,2,,2,33,65,1,1,1,,33,65,1,1,1,1,1,1,1,1,1,1,1,1,1,22,5,5,5,5,0,165,,,40,22,12,12,,,,37,12,35,9,,20,16,5,15,15,36,55,20,15,9,26,11,10,7,21,20,35,9,,497,,5/02/21 2:01,0,0,31,31,3,1,1,11
2033,,,base,interview,6/02/21 4:26,1,5,1,9,5,9,2,2,4,2,,12,,6,,29,2,,2,29,101,49,1,1,,29,101,49,1,1,1,1,1,1,1,1,1,1,1,1,20,5,5,5,5,0,123,,,14,61,5,10,,,,26,6,48,6,50,33,7,4,18,26,7,184,361,15,8,82,110,6,5,8,23,31,11,36,869,,6/02/21 4:46,1,0,32,32,0,0,0.94,9
2038,,,base,interview,8/02/21 21:12,1,5,1,8,7,6,1,1,4,1,,3,,8,Honors degree ,28,2,,2,101,101,1,1,1,,101,101,1,1,1,1,1,1,1,1,1,1,1,1,1,25,5,5,4,5,0,33,,,15,56,5,23,,,,27,10,36,10,37,33,10,19,11,7,6,739,51,22,8,65,43,6,4,26,25,20,275,38,643,,8/02/21 21:40,1,0,32,32,0,0,0.89,8
2061,,,base01,interview,17/02/21 23:14,1,6,2,7,7,8,2,2,4,1,,2,,5,,46,2,,2,51,100,1,1,1,,51,100,1,1,1,1,1,1,1,1,1,1,1,1,1,30,5,5,5,5,,,0,7,15,119,11,7,,,,30,21,30,21,,22,31,9,17,13,10,110,63,12,9,87,241,7,8,15,13,55,9,63,152,,17/02/21 23:31,1,0,32,32,3,1,0.65,0
2062,,,base,interview,18/02/21 22:42,1,8,4,,,,,,,,,,,,,,2,,2,65,47,1,1,1,,65,47,1,1,1,1,1,1,1,1,1,1,1,1,1,,,,,,,,,,6,42,5,9,,,,33,12,27,7,,,,,,,,,,,,,,,,,,,,,141,,18/02/21 22:45,0,0,12,12,0,0,1.07,6
2075,,,base,interview,22/02/21 0:21,1,8,4,4,3,4,2,2,4,1,,13,Lecturer,7,,56,2,,2,101,101,1,1,1,,101,101,1,1,1,1,1,1,1,1,1,1,1,1,2,30,5,5,5,5,0,150,,,14,43,11,22,,,,40,12,11,8,,69,43,6,16,10,8,328,71,31,9,248,267,8,7,7,20,41,147,15,664,,22/02/21 0:46,1,0,32,32,0,0,0.75,6
2082,,,base,interview,22/02/21 7:10,1,8,4,5,5,8,2,-1,4,1,,12,,3,,18,4,,4,1,1,1,83,1,,1,1,1,83,1,1,1,1,1,1,1,1,1,1,1,10,4,4,4,4,0,64,,,6,139,7,6,,,,24,11,20,8,,135,36,9,30,14,29,242,81,10,5,174,80,5,5,6,10,26,2,12,984,,22/02/21 7:29,1,0,32,32,3,1,0.99,16
2099,,,base,interview,25/02/21 4:27,1,8,4,9,6,9,2,2,4,1,,12,,3,,19,2,,2,81,101,29,1,1,,81,101,29,1,1,1,1,1,1,1,1,1,1,1,2,8,5,5,5,5,0,56,,,3,3,2,3,,,,24,9,7,7,,12,5,3,4,5,7,11,30,8,5,18,23,4,3,7,9,26,3,38,279,,25/02/21 4:31,1,0,32,32,3,1,1.96,67
2108,,,base,interview,26/02/21 4:21,1,5,2,9,5,7,2,2,4,2,,3,,7,,29,2,,2,101,101,1,1,1,,101,101,1,1,1,1,1,1,1,1,1,1,1,1,1,25,5,5,5,5,0,138,,,19,38,4,8,,,,22,6,70,8,,75,25,4,6,5,12,104,99,16,7,150,119,4,4,6,7,16,6,50,890,,26/02/21 4:36,1,0,32,32,3,1,1.03,12
2111,,,base,interview,2/03/21 0:03,1,7,4,3,4,6,1,1,4,1,,12,,5,,25,3,,3,63,33,62,64,2,,63,33,62,64,2,1,1,1,1,1,1,1,1,1,1,15,5,5,5,5,0,103,,,5,10,5,10,,,,33,10,33,18,,8,3,3,9,9,6,67,32,20,5,22,27,4,14,7,7,23,7,6312,414,,2/03/21 1:54,0,0,32,32,3,1,1.31,31
2112,,,base,interview,2/03/21 21:08,1,5,2,8,9,9,2,2,4,1,,12,,5,,21,2,,2,48,48,5,1,1,,48,48,5,1,1,1,1,1,1,1,1,1,1,1,1,9,5,5,5,5,0,98,,,5,75,4,4,,,,50,9,107,8,,79,89,3,22,4,10,69,79,13,10,134,38,4,4,6,6,35,6,12,814,,2/03/21 21:22,1,0,32,32,3,1,1.06,12
2113,,,base,interview,3/03/21 1:05,1,5,3,9,7,9,2,2,4,1,,13,"Consultant, also a postgrad student ",5,,33,4,,4,27,66,67,93,46,,27,66,67,93,46,1,1,1,1,1,1,1,1,1,1,20,5,5,5,5,0,151,,,11,41,4,13,,,,90,15,41,7,,25,7,2,8,4,7,185,53,8,4,88,496,5,4,7,27,27,6,8,730,,3/03/21 1:25,1,0,32,32,3,1,1.19,19
2124,,,base,interview,5/03/21 9:11,1,8,4,4,5,-9,1,2,4,1,,12,,3,,18,4,,4,1,1,1,56,1,,1,1,1,56,1,1,1,1,1,1,1,1,1,1,2,12,3,4,4,5,0,9,,,12,99,6,6,,,,95,8,17,35,,78,25,3,24,15,70,37,92,54,9,164,24,3,5,5,18,117,8,153,728,,5/03/21 9:28,0,0,32,32,6,5,0.82,8
2160,,,base,interview,13/04/21 0:19,1,6,2,7,9,8,2,2,4,1,,11,,3,,25,2,,2,101,101,1,1,1,,101,101,1,1,1,1,1,1,1,1,1,1,1,1,1,20,4,4,4,4,0,117,,,10,19306,4,10,,,,33,10,47,10,,37,24,4,7,6,12,137,45,9,4,52,41,4,4,11,14,30,27,,619,,13/04/21 5:51,0,0,31,31,0,0,0.97,7
2183,,,base,interview,25/04/21 2:45,1,5,2,9,9,9,1,1,4,1,,3,,5,,38,2,,2,74,82,1,1,1,,74,82,1,1,1,1,1,1,1,1,1,1,1,1,1,25,5,5,5,5,0,175,,,8,133,4,13,,,,56,88,320,19,,54,41,14,17,17,6,120,172,16,6,11,9,5,5,9,19,40,52,22,737,,25/04/21 3:06,1,0,32,32,0,0,0.85,13
2212,,,base,interview,4/06/21 13:39,1,6,2,5,5,6,1,1,3,1,,5,,5,,39,4,,4,5,4,6,53,3,,5,4,6,53,3,1,1,1,1,1,1,1,1,1,2,10,3,3,3,3,0,143,,,3,11,8,11,,,,100,36,15,14,,146,41,7,41,20,70,38,23,36,29,40,34,9,25,20,24,136,18,194,646,,4/06/21 13:58,1,0,32,32,0,0,0.77,11
2213,,,base,interview,4/06/21 14:00,1,8,3,5,5,7,2,2,2,1,,4,,4,,30,4,,4,24,1,1,45,21,,24,1,1,45,21,1,1,1,1,1,1,1,1,1,1,2,3,3,2,3,0,59,,,24,55,6,12,,,,127,23,83,8,,25,6,5,9,5,6,139,77,23,36,188,81,13,5,16,8,26,25,39,811,,4/06/21 14:18,1,0,32,32,0,0,0.82,8
2214,,,base,interview,4/06/21 14:21,1,8,4,4,3,4,-1,-1,2,2,,6,,3,,35,4,,4,17,3,1,39,15,,17,3,1,39,15,1,1,1,1,1,1,1,1,1,1,5,4,3,3,3,0,167,,,10,9,5,4,,,,17,7,155,7,,16,3,3,6,3,4,19,79,60,16,103,57,5,7,7,6,18,9,17,484,,4/06/21 14:32,1,0,32,32,0,0,1.47,36
2215,,,base,interview,4/06/21 14:50,1,7,4,5,5,4,2,1,2,2,,13,Building and property management ,5,,24,4,,4,1,1,1,68,1,,1,1,1,68,1,1,1,1,1,1,1,1,1,1,1,6,3,3,3,3,0,46,,,9,551,13,4,,,,77,220,19,8,,200,35,5,6,6,4,61,49,13,7,559,27,55,7,7,23,21,5,46,586,,4/06/21 15:24,1,0,32,32,3,1,0.93,11
2216,,,base,interview,5/06/21 9:42,1,7,4,5,5,5,2,2,4,1,,3,,5,,43,4,,4,3,1,2,100,1,,3,1,2,100,1,1,1,1,1,1,1,1,1,1,1,27,3,3,3,3,0,159,,,20,81,17,20,,,,52,68,67,16,,172,34,8,20,15,10,175,33,12,9,169,181,9,7,14,12,54,29,35,1013,,5/06/21 10:04,1,0,32,32,3,1,0.56,1
2217,,,base,interview,5/06/21 12:18,1,8,4,6,6,5,2,2,1,1,,13,Retired people ,3,,60,4,,4,15,4,4,42,25,,15,4,4,42,25,1,1,1,1,1,1,1,1,1,1,2,2,2,2,2,0,169,,,19,8,4,4,,,,17,12,75,8,,10,8,4,9,28,8,23,76,11,5,83,34,7,19,4,89,17,19,46,532,,5/06/21 12:28,1,0,32,32,0,0,1.26,26